{"cameraMode":{"drawMode":0,"name":"Shaded","section":"Shading Mode"},"sceneLighting":false,"audioPlay":false,"sceneViewState":{"showFog":true,"showMaterialUpdate":true,"showSkybox":true,"showFlares":true,"showImageEffects":true,"showParticleSystems":true},"in2DMode":false,"pivot":{"x":-0.43115663528442385,"y":-0.24843263626098634,"z":0.4953789710998535},"rotation":{"x":-0.10231710970401764,"y":0.8839547634124756,"z":-0.22930167615413667,"w":-0.3944312036037445},"size":9.90000057220459,"orthographic":false}