{"cameraMode":{"drawMode":0,"name":"Shaded","section":"Shading Mode"},"sceneLighting":false,"audioPlay":false,"sceneViewState":{"showFog":true,"showMaterialUpdate":false,"showSkybox":true,"showFlares":true,"showImageEffects":true,"showParticleSystems":true},"in2DMode":false,"pivot":{"x":-56.90625,"y":-11.296874046325684,"z":-98.62332153320313},"rotation":{"x":-0.0012471337104216219,"y":0.8520854115486145,"z":-0.5233974456787109,"w":-0.0020352667197585108},"size":559.3890991210938,"orthographic":false}