{"cameraMode":{"drawMode":0,"name":"Shaded","section":"Shading Mode"},"sceneLighting":false,"audioPlay":false,"sceneViewState":{"showFog":true,"showMaterialUpdate":false,"showSkybox":true,"showFlares":true,"showImageEffects":true,"showParticleSystems":true},"in2DMode":false,"pivot":{"x":2.384185791015625e-7,"y":-1.5163761377334595,"z":-1.9049999713897706},"rotation":{"x":-0.0067592160776257519,"y":0.8512319326400757,"z":-0.5246315002441406,"w":-0.010971376672387123},"size":12.484304428100586,"orthographic":false}