{"cameraMode":{"drawMode":0,"name":"Shaded","section":"Shading Mode"},"sceneLighting":false,"audioPlay":false,"sceneViewState":{"showFog":true,"showMaterialUpdate":false,"showSkybox":true,"showFlares":true,"showImageEffects":true,"showParticleSystems":true},"in2DMode":false,"pivot":{"x":-0.5390381217002869,"y":1.9966211318969727,"z":2.428131580352783},"rotation":{"x":-0.012172955088317395,"y":0.8993055820465088,"z":-0.43643125891685488,"w":-0.02508237212896347},"size":3.841320753097534,"orthographic":false}