{"cameraMode":{"drawMode":0,"name":"Shaded","section":"Shading Mode"},"sceneLighting":false,"audioPlay":false,"sceneViewState":{"showFog":true,"showMaterialUpdate":true,"showSkybox":true,"showFlares":true,"showImageEffects":true,"showParticleSystems":true},"in2DMode":false,"pivot":{"x":0.35028940439224245,"y":-1.4886999130249024,"z":9.73117446899414},"rotation":{"x":-0.4828541576862335,"y":-0.5160947442054749,"z":0.47679924964904787,"w":-0.5226476788520813},"size":12.484304428100586,"orthographic":false}